<?xml version="1.0" encoding="utf-8" standalone="yes"?>
<rss version="2.0" xmlns:atom="http://www.w3.org/2005/Atom">
  <channel>
    <title>Index on mikusz3 - Website created in HUGO</title>
    <link>http://localhost:1313/en/</link>
    <description>Recent content in Index on mikusz3 - Website created in HUGO</description>
    <generator>Hugo</generator>
    <language>en</language>
    <atom:link href="http://localhost:1313/en/index.xml" rel="self" type="application/rss+xml" />
  </channel>
</rss>
