<?xml version="1.0" encoding="utf-8" standalone="yes"?>
<rss version="2.0" xmlns:atom="http://www.w3.org/2005/Atom">
  <channel>
    <title>Blogs on mikusz3 - Website created in HUGO</title>
    <link>https://mikusz3.pl/en/blog/</link>
    <description>Recent content in Blogs on mikusz3 - Website created in HUGO</description>
    <generator>Hugo</generator>
    <language>en</language>
    <lastBuildDate>Sat, 26 Jul 2025 00:00:00 +0000</lastBuildDate>
    <atom:link href="https://mikusz3.pl/en/blog/index.xml" rel="self" type="application/rss+xml" />
    <item>
      <title>My First Blog Post</title>
      <link>https://mikusz3.pl/en/blog/my-first-post/</link>
      <pubDate>Sat, 26 Jul 2025 00:00:00 +0000</pubDate>
      <guid>https://mikusz3.pl/en/blog/my-first-post/</guid>
      <description>&lt;p&gt;This is the content of my first blog post in English.&lt;/p&gt;</description>
    </item>
  </channel>
</rss>
