<?xml version="1.0" encoding="utf-8" standalone="yes"?>
<rss version="2.0" xmlns:atom="http://www.w3.org/2005/Atom">
  <channel>
    <title>Tags on mikusz3 - Website created in HUGO</title>
    <link>https://mikusz3.pl/en/tags/</link>
    <description>Recent content in Tags on mikusz3 - Website created in HUGO</description>
    <generator>Hugo</generator>
    <language>en</language>
    <atom:link href="https://mikusz3.pl/en/tags/index.xml" rel="self" type="application/rss+xml" />
  </channel>
</rss>
