<?xml version="1.0" encoding="utf-8" standalone="yes"?>
<rss version="2.0" xmlns:atom="http://www.w3.org/2005/Atom">
  <channel>
    <title>Projects on mikusz3 - Website created in HUGO</title>
    <link>https://mikusz3.pl/en/projects/</link>
    <description>Recent content in Projects on mikusz3 - Website created in HUGO</description>
    <generator>Hugo</generator>
    <language>en</language>
    <atom:link href="https://mikusz3.pl/en/projects/index.xml" rel="self" type="application/rss+xml" />
    <item>
      <title>RetroTVRaspberryPi</title>
      <link>https://mikusz3.pl/en/en/projects/retrotv/</link>
      <pubDate>Mon, 01 Jan 0001 00:00:00 +0000</pubDate>
      <guid>https://mikusz3.pl/en/en/projects/retrotv/</guid>
      <description>&lt;h1&gt;RetroTVRaspberryPi&lt;/h1&gt;&#xD;&#xA;&#xD;&#xA;&lt;p&gt;This project uses the following components:&lt;/p&gt;&#xD;&#xA;&lt;li&gt;Raspberry Pi 4B 1GB&lt;/li&gt;&#xD;&#xA;&lt;li&gt;PC Remote&lt;/li&gt;&#xD;&#xA;&lt;li&gt;Server PC running Jellyfin and ErsatzTV&lt;/li&gt;&#xD;&#xA;&#xD;&#xA;&lt;p&gt;Have you ever wondered how to bring Jetix back on air, but without begging Disney for it? I did it!  &#xD;&#xA;RetroTVRaspberryPi is a project that allows me to watch old TV channels that were once available in Poland when I was a kid.&lt;/p&gt;&#xD;&#xA;&#xD;&#xA;&lt;p&gt;I made it work — but it required a lot of thinking and figuring out how to use Jellyfin and ErsatzTV.&lt;/p&gt;</description>
    </item>
  </channel>
</rss>
