<?xml version="1.0" encoding="utf-8" standalone="yes"?>
<rss version="2.0" xmlns:atom="http://www.w3.org/2005/Atom">
  <channel>
    <title>Blogs on mikusz3 - Strona stworzona w HUGO</title>
    <link>https://mikusz3.pl/blog/</link>
    <description>Recent content in Blogs on mikusz3 - Strona stworzona w HUGO</description>
    <generator>Hugo</generator>
    <language>pl</language>
    <lastBuildDate>Sat, 26 Jul 2025 00:00:00 +0000</lastBuildDate>
    <atom:link href="https://mikusz3.pl/blog/index.xml" rel="self" type="application/rss+xml" />
    <item>
      <title>Mój pierwszy wpis na blogu</title>
      <link>https://mikusz3.pl/blog/my-first-post/</link>
      <pubDate>Sat, 26 Jul 2025 00:00:00 +0000</pubDate>
      <guid>https://mikusz3.pl/blog/my-first-post/</guid>
      <description>&lt;p&gt;To jest treść mojego pierwszego wpisu na blogu po polsku.&lt;/p&gt;</description>
    </item>
  </channel>
</rss>
