<?xml version="1.0" encoding="utf-8" standalone="yes"?>
<rss version="2.0" xmlns:atom="http://www.w3.org/2005/Atom">
  <channel>
    <title>Home on mikusz3 - Website created in HUGO</title>
    <link>https://mikusz3.pl/en/</link>
    <description>Recent content in Home on mikusz3 - Website created in HUGO</description>
    <generator>Hugo</generator>
    <language>en</language>
    <lastBuildDate>Sat, 26 Jul 2025 00:00:00 +0000</lastBuildDate>
    <atom:link href="https://mikusz3.pl/en/index.xml" rel="self" type="application/rss+xml" />
    <item>
      <title>My First Blog Post</title>
      <link>https://mikusz3.pl/en/blog/my-first-post/</link>
      <pubDate>Sat, 26 Jul 2025 00:00:00 +0000</pubDate>
      <guid>https://mikusz3.pl/en/blog/my-first-post/</guid>
      <description>&lt;p&gt;This is the content of my first blog post in English.&lt;/p&gt;</description>
    </item>
    <item>
      <title>About</title>
      <link>https://mikusz3.pl/en/en/about/</link>
      <pubDate>Mon, 01 Jan 0001 00:00:00 +0000</pubDate>
      <guid>https://mikusz3.pl/en/en/about/</guid>
      <description>&lt;table style=&#34;border-collapse: collapse; width: 100%; max-width: 600px; font-family: monospace; background-color: #222; color: #0f0; border: 2px solid #0f0;&#34;&gt;&#xA;  &lt;thead&gt;&#xA;    &lt;tr&gt;&#xA;      &lt;th style=&#34;border: 1px solid #0f0; padding: 8px; text-align: left;&#34;&gt;Category&lt;/th&gt;&#xA;      &lt;th style=&#34;border: 1px solid #0f0; padding: 8px; text-align: left;&#34;&gt;Details&lt;/th&gt;&#xA;    &lt;/tr&gt;&#xA;  &lt;/thead&gt;&#xA;  &lt;tbody&gt;&#xA;    &lt;tr&gt;&#xA;      &lt;td style=&#34;border: 1px solid #0f0; padding: 8px;&#34;&gt;Real Name&lt;/td&gt;&#xA;      &lt;td style=&#34;border: 1px solid #0f0; padding: 8px;&#34;&gt;Michał&lt;/td&gt;&#xA;    &lt;/tr&gt;&#xA;    &lt;tr&gt;&#xA;      &lt;td style=&#34;border: 1px solid #0f0; padding: 8px;&#34;&gt;Hobby&lt;/td&gt;&#xA;      &lt;td style=&#34;border: 1px solid #0f0; padding: 8px;&#34;&gt;retro &amp; modern video games, bodybuilding, anime &amp; manga, chatting with friends on Discord&lt;/td&gt;&#xA;    &lt;/tr&gt;&#xA;    &lt;tr&gt;&#xA;      &lt;td style=&#34;border: 1px solid #0f0; padding: 8px;&#34;&gt;Favorite Books&lt;/td&gt;&#xA;      &lt;td style=&#34;border: 1px solid #0f0; padding: 8px;&#34;&gt;George Orwell&#39;s 1984, Stephen King novels&lt;/td&gt;&#xA;    &lt;/tr&gt;&#xA;    &lt;tr&gt;&#xA;      &lt;td style=&#34;border: 1px solid #0f0; padding: 8px;&#34;&gt;Favorite Games&lt;/td&gt;&#xA;      &lt;td style=&#34;border: 1px solid #0f0; padding: 8px;&#34;&gt;Dragon Ball: Sparking! ZERO, Dragon Ball Xenoerse 2, Super Mario Bros., Super Smash Bros. Ultimate, Fallout 1&amp;2&lt;/td&gt;&#xA;    &lt;/tr&gt;&#xA;    &lt;tr&gt;&#xA;      &lt;td style=&#34;border: 1px solid #0f0; padding: 8px;&#34;&gt;Favorite Movies&lt;/td&gt;&#xA;      &lt;td style=&#34;border: 1px solid #0f0; padding: 8px;&#34;&gt;Hard to choose, but if I had to pick: Indiana Jones, Star Wars&lt;/td&gt;&#xA;    &lt;/tr&gt;&#xA;    &lt;tr&gt;&#xA;      &lt;td style=&#34;border: 1px solid #0f0; padding: 8px;&#34;&gt;Purpose in life&lt;/td&gt;&#xA;      &lt;td style=&#34;border: 1px solid #0f0; padding: 8px;&#34;&gt;get a degree as a graphic artist and develop some games and mangas for masses&lt;/td&gt;&#xA;    &lt;/tr&gt;&#xA;    &lt;tr&gt;&#xA;      &lt;td style=&#34;border: 1px solid #0f0; padding: 8px;&#34;&gt;Internet Browsers of choice&lt;/td&gt;&#xA;      &lt;td style=&#34;border: 1px solid #0f0; padding: 8px;&#34;&gt;(for Windows 11) Opera GX; (for Windows 10 and Linux) Mozilla Firefox; (for Windows XP) Supermium&lt;/td&gt;&#xA;    &lt;/tr&gt;&#xA;  &lt;/tbody&gt;&#xA;&lt;/table&gt;</description>
    </item>
    <item>
      <title>Blog</title>
      <link>https://mikusz3.pl/en/en/blog/</link>
      <pubDate>Mon, 01 Jan 0001 00:00:00 +0000</pubDate>
      <guid>https://mikusz3.pl/en/en/blog/</guid>
      <description>&lt;h2&gt;Blog&lt;/h2&gt;&#xA;&lt;p&gt;This is the Blog page.&lt;/p&gt;</description>
    </item>
    <item>
      <title>Contact</title>
      <link>https://mikusz3.pl/en/en/contact/</link>
      <pubDate>Mon, 01 Jan 0001 00:00:00 +0000</pubDate>
      <guid>https://mikusz3.pl/en/en/contact/</guid>
      <description>&lt;form&#xA;  action=&#34;https://formspree.io/f/mqalqwrr&#34;&#xA;  method=&#34;POST&#34;&#xA;&gt;&#xA;  &lt;label&gt;&#xA;    Your email:&#xA;    &lt;input type=&#34;email&#34; name=&#34;email&#34;&gt;&#xA;  &lt;/label&gt;&#xA;  &lt;label&gt;&#xA;    Your message:&#xA;    &lt;textarea name=&#34;message&#34;&gt;&lt;/textarea&gt;&#xA;  &lt;/label&gt;&#xA;  &lt;!-- your other form fields go here --&gt;&#xA;  &lt;button type=&#34;submit&#34;&gt;Send&lt;/button&gt;&#xA;&lt;/form&gt;</description>
    </item>
    <item>
      <title>Hardware</title>
      <link>https://mikusz3.pl/en/en/hardware/</link>
      <pubDate>Mon, 01 Jan 0001 00:00:00 +0000</pubDate>
      <guid>https://mikusz3.pl/en/en/hardware/</guid>
      <description>&lt;center&gt;&#xA;&lt;table class=&#34;equipment-table&#34;&gt;&#xA;  &lt;caption&gt;My Equipment&lt;/caption&gt;&#xA;&#xA;  &lt;thead&gt;&#xA;    &lt;tr&gt;&lt;th colspan=&#34;2&#34; class=&#34;section-header&#34;&gt;computers&lt;/th&gt;&lt;/tr&gt;&#xA;  &lt;/thead&gt;&#xA;  &lt;tbody&gt;&#xA;    &lt;tr class=&#34;subsection-header&#34;&gt;&lt;td colspan=&#34;2&#34;&gt;main laptop: HP VICTUS&lt;/td&gt;&lt;/tr&gt;&#xA;    &lt;tr&gt;&lt;td&gt;RAM&lt;/td&gt;&lt;td&gt;16 GB&lt;/td&gt;&lt;/tr&gt;&#xA;    &lt;tr&gt;&lt;td&gt;SSD Drive&lt;/td&gt;&lt;td&gt;176 GB&lt;/td&gt;&lt;/tr&gt;&#xA;    &lt;tr&gt;&lt;td&gt;External Drive&lt;/td&gt;&lt;td&gt;1TB SSD SanDisk for games&lt;/td&gt;&lt;/tr&gt;&#xA;    &lt;tr&gt;&lt;td&gt;OS&lt;/td&gt;&lt;td&gt;Windows 11&lt;/td&gt;&lt;/tr&gt;&#xA;&#xA;    &lt;tr class=&#34;subsection-header&#34;&gt;&lt;td colspan=&#34;2&#34;&gt;Old laptop for old games&lt;/td&gt;&lt;/tr&gt;&#xA;    &lt;tr&gt;&lt;td&gt;RAM&lt;/td&gt;&lt;td&gt;1.99 GB&lt;/td&gt;&lt;/tr&gt;&#xA;    &lt;tr&gt;&lt;td&gt;WinXP&lt;/td&gt;&lt;td&gt;85.2 GB&lt;/td&gt;&lt;/tr&gt;&#xA;    &lt;tr&gt;&lt;td&gt;Linux&lt;/td&gt;&lt;td&gt;63.48 GB&lt;/td&gt;&lt;/tr&gt;&#xA;    &lt;tr&gt;&lt;td&gt;OS&lt;/td&gt;&lt;td&gt;Windows XP/LMDE 6 &#34;Faye&#34;&lt;/td&gt;&lt;/tr&gt;&#xA;&#xA;    &lt;tr class=&#34;subsection-header&#34;&gt;&lt;td colspan=&#34;2&#34;&gt;Server computer: HP Compaq Pro 6300&lt;/td&gt;&lt;/tr&gt;&#xA;    &lt;tr&gt;&lt;td&gt;RAM&lt;/td&gt;&lt;td&gt;8 GB&lt;/td&gt;&lt;/tr&gt;&#xA;    &lt;tr&gt;&lt;td&gt;System SSD&lt;/td&gt;&lt;td&gt;237 GB&lt;/td&gt;&lt;/tr&gt;&#xA;    &lt;tr&gt;&lt;td&gt;Storage SSD&lt;/td&gt;&lt;td&gt;931 GB&lt;/td&gt;&lt;/tr&gt;&#xA;    &lt;tr&gt;&lt;td&gt;Storage Quarter&lt;/td&gt;&lt;td&gt;31.9 GB&lt;/td&gt;&lt;/tr&gt;&#xA;    &lt;tr&gt;&lt;td&gt;Storage Train (USB)&lt;/td&gt;&lt;td&gt;26.5 GB&lt;/td&gt;&lt;/tr&gt;&#xA;    &lt;tr&gt;&lt;td&gt;Storage Connector (USB)&lt;/td&gt;&lt;td&gt;57.2 GB&lt;/td&gt;&lt;/tr&gt;&#xA;    &lt;tr&gt;&lt;td&gt;Storage EAGET (SSD)&lt;/td&gt;&lt;td&gt;298 GB&lt;/td&gt;&lt;/tr&gt;&#xA;    &lt;tr&gt;&lt;td&gt;Storage ADATA HV620S (HDD)&lt;/td&gt;&lt;td&gt;931 GB&lt;/td&gt;&lt;/tr&gt;&#xA;    &lt;tr&gt;&lt;td&gt;OS&lt;/td&gt;&lt;td&gt;Windows 10 Pro&lt;/td&gt;&lt;/tr&gt;&#xA;&#xA;    &lt;tr class=&#34;subsection-header&#34;&gt;&lt;td colspan=&#34;2&#34;&gt;mouse&lt;/td&gt;&lt;/tr&gt;&#xA;    &lt;tr&gt;&lt;td&gt;Windows 11&lt;/td&gt;&lt;td&gt;MSI Dragon Clutch GM11&lt;/td&gt;&lt;/tr&gt;&#xA;    &lt;tr&gt;&lt;td&gt;Windows 10&lt;/td&gt;&lt;td&gt;HP&lt;/td&gt;&lt;/tr&gt;&#xA;    &lt;tr&gt;&lt;td&gt;Windows XP/Linux&lt;/td&gt;&lt;td&gt;Logitech M90&lt;/td&gt;&lt;/tr&gt;&#xA;&#xA;    &lt;tr class=&#34;subsection-header&#34;&gt;&lt;td colspan=&#34;2&#34;&gt;Server keyboard&lt;/td&gt;&lt;/tr&gt;&#xA;    &lt;tr&gt;&lt;td colspan=&#34;2&#34;&gt;SAMSUNG&lt;/td&gt;&lt;/tr&gt;&#xA;&#xA;    &lt;tr class=&#34;subsection-header&#34;&gt;&lt;td colspan=&#34;2&#34;&gt;Server monitor&lt;/td&gt;&lt;/tr&gt;&#xA;    &lt;tr&gt;&lt;td colspan=&#34;2&#34;&gt;Fujitsu Siemens&lt;/td&gt;&lt;/tr&gt;&#xA;&#xA;    &lt;tr class=&#34;subsection-header&#34;&gt;&lt;td colspan=&#34;2&#34;&gt;Smart Phone&lt;/td&gt;&lt;/tr&gt;&#xA;    &lt;tr&gt;&lt;td colspan=&#34;2&#34;&gt;Motorola G54 5G&lt;/td&gt;&lt;/tr&gt;&#xA;&#xA;    &lt;tr class=&#34;subsection-header&#34;&gt;&lt;td colspan=&#34;2&#34;&gt;Apple&lt;/td&gt;&lt;/tr&gt;&#xA;    &lt;tr&gt;&lt;td colspan=&#34;2&#34;&gt;iPhone XR&lt;/td&gt;&lt;/tr&gt;&#xA;&#xA;    &lt;tr class=&#34;subsection-header&#34;&gt;&lt;td colspan=&#34;2&#34;&gt;Retro Phone&lt;/td&gt;&lt;/tr&gt;&#xA;    &lt;tr&gt;&lt;td colspan=&#34;2&#34;&gt;Nokia 6300&lt;/td&gt;&lt;/tr&gt;&#xA;  &lt;/tbody&gt;&#xA;&#xA;  &lt;thead&gt;&#xA;    &lt;tr&gt;&lt;th colspan=&#34;2&#34; class=&#34;section-header&#34;&gt;audio equipment&lt;/th&gt;&lt;/tr&gt;&#xA;  &lt;/thead&gt;&#xA;  &lt;tbody&gt;&#xA;    &lt;tr&gt;&lt;td colspan=&#34;2&#34; class=&#34;empty&#34;&gt;No details&lt;/td&gt;&lt;/tr&gt;&#xA;  &lt;/tbody&gt;&#xA;&#xA;  &lt;thead&gt;&#xA;    &lt;tr&gt;&lt;th colspan=&#34;2&#34; class=&#34;section-header&#34;&gt;video equipment&lt;/th&gt;&lt;/tr&gt;&#xA;  &lt;/thead&gt;&#xA;  &lt;tbody&gt;&#xA;    &lt;tr class=&#34;subsection-header&#34;&gt;&lt;td colspan=&#34;2&#34;&gt;modern camera&lt;/td&gt;&lt;/tr&gt;&#xA;    &lt;tr&gt;&lt;td colspan=&#34;2&#34;&gt;statistics&lt;/td&gt;&lt;/tr&gt;&#xA;    &lt;tr&gt;&lt;td colspan=&#34;2&#34;&gt;GB of space&lt;/td&gt;&lt;/tr&gt;&#xA;&#xA;    &lt;tr class=&#34;subsection-header&#34;&gt;&lt;td colspan=&#34;2&#34;&gt;retro camera&lt;/td&gt;&lt;/tr&gt;&#xA;    &lt;tr&gt;&lt;td colspan=&#34;2&#34;&gt;statistics&lt;/td&gt;&lt;/tr&gt;&#xA;    &lt;tr&gt;&lt;td colspan=&#34;2&#34;&gt;GB of space&lt;/td&gt;&lt;/tr&gt;&#xA;&#xA;    &lt;tr class=&#34;subsection-header&#34;&gt;&lt;td colspan=&#34;2&#34;&gt;laptop camera&lt;/td&gt;&lt;/tr&gt;&#xA;    &lt;tr&gt;&lt;td colspan=&#34;2&#34;&gt;&lt;/td&gt;&lt;/tr&gt;&#xA;  &lt;/tbody&gt;&#xA;&lt;/table&gt;&#xA;&lt;/center&gt;</description>
    </item>
    <item>
      <title>Links</title>
      <link>https://mikusz3.pl/en/en/links/</link>
      <pubDate>Mon, 01 Jan 0001 00:00:00 +0000</pubDate>
      <guid>https://mikusz3.pl/en/en/links/</guid>
      <description>&lt;h2&gt;Links&lt;/h2&gt;&#xA;&lt;p&gt;&lt;a href=&#34;https://www.furaffinity.net/user/mikusz3/&#34;&gt;My Furaffinity&lt;/a&gt; - My furry art account.&lt;/p&gt;&#xA;&lt;p&gt;&lt;a href=&#34;https://www.youtube.com/@mikusz3&#34;&gt;My YouTube&lt;/a&gt; - My account for watching and creating videos.&lt;/p&gt;&#xA;&lt;p&gt;&lt;a href=&#34;https://www.twitch.tv/mikuszgamer&#34;&gt;My Twitch&lt;/a&gt; - My account for streaming.&lt;/p&gt;&#xA;&lt;p&gt;&lt;a href=&#34;https://mikusz3plooppoopa.wixsite.com/michael-art-hangout&#34;&gt;My Private Art Hangout&lt;/a&gt; - My Main art account.&lt;/p&gt;&#xA;&lt;p&gt;&lt;a href=&#34;https://kick.com/mikusz3&#34;&gt;My Kick&lt;/a&gt; - my another account for streaming&lt;/p&gt;&#xA;&lt;p&gt;&lt;a href=&#34;https://rumble.com/user/mikusz3&#34;&gt;My Rumble&lt;/a&gt; - yet another streaming account with &#34;freedom of speech&#34;.&lt;/p&gt;&#xA;&lt;p&gt;&lt;a href=&#34;https://www.bitview.net/user/mikusz3&#34;&gt;My BitView&lt;/a&gt; - retro YouTube alternative.&lt;/p&gt;&#xA;&lt;p&gt;&lt;a href=&#34;https://spacehey.com/mikusz3&#34;&gt;My SpaceHey&lt;/a&gt; - my profile for retro-style social media.&lt;/p&gt;</description>
    </item>
    <item>
      <title>Projects</title>
      <link>https://mikusz3.pl/en/projects/</link>
      <pubDate>Mon, 01 Jan 0001 00:00:00 +0000</pubDate>
      <guid>https://mikusz3.pl/en/projects/</guid>
      <description>&lt;h2&gt;RetroTVRaspberryPi&lt;/h2&gt;&#xA;&lt;p&gt;Personal project inspired by chudy dredd&#39;s &#34;Retro TV&#34; project. It required me to think a lot and use Jellyfin and ErsatzTV.&lt;/p&gt;&#xA;&#xA;&lt;p&gt;&lt;a href=&#34;https://mikusz3.pl/en/projects/retrotv&#34;&gt;More about this project in this link&lt;/a&gt;&lt;/p&gt;&#xA;&#xA;&lt;h2&gt;Tak dla &lt;strong&gt;[adult swim]&lt;/strong&gt; w Polsce (ENG: Yes for &lt;strong&gt;[adult swim]&lt;/strong&gt; in Poland)&lt;/h2&gt;&#xA;&lt;p&gt;My Polish website about my idea project for including &lt;strong&gt;[adult swim]&lt;/strong&gt; in Poland.&lt;/p&gt;&#xA;&#xA;&lt;p&gt;&lt;a href=&#34;https://takdlaadultswimwpolsce.netlify.app&#34;&gt;Link to the site (in Polish)&lt;/a&gt;&lt;/p&gt;&#xA;&#xA;&lt;h2&gt;More projects coming soon.&lt;/h2&gt;</description>
    </item>
    <item>
      <title>RetroTVRaspberryPi</title>
      <link>https://mikusz3.pl/en/en/projects/retrotv/</link>
      <pubDate>Mon, 01 Jan 0001 00:00:00 +0000</pubDate>
      <guid>https://mikusz3.pl/en/en/projects/retrotv/</guid>
      <description>&lt;h1&gt;RetroTVRaspberryPi&lt;/h1&gt;&#xD;&#xA;&#xD;&#xA;&lt;p&gt;This project uses the following components:&lt;/p&gt;&#xD;&#xA;&lt;li&gt;Raspberry Pi 4B 1GB&lt;/li&gt;&#xD;&#xA;&lt;li&gt;PC Remote&lt;/li&gt;&#xD;&#xA;&lt;li&gt;Server PC running Jellyfin and ErsatzTV&lt;/li&gt;&#xD;&#xA;&#xD;&#xA;&lt;p&gt;Have you ever wondered how to bring Jetix back on air, but without begging Disney for it? I did it!  &#xD;&#xA;RetroTVRaspberryPi is a project that allows me to watch old TV channels that were once available in Poland when I was a kid.&lt;/p&gt;&#xD;&#xA;&#xD;&#xA;&lt;p&gt;I made it work — but it required a lot of thinking and figuring out how to use Jellyfin and ErsatzTV.&lt;/p&gt;</description>
    </item>
  </channel>
</rss>
