<?xml version="1.0" encoding="utf-8" standalone="yes"?>
<rss version="2.0" xmlns:atom="http://www.w3.org/2005/Atom">
  <channel>
    <title>Projects on mikusz3 - Strona stworzona w HUGO</title>
    <link>https://mikusz3.pl/projects/</link>
    <description>Recent content in Projects on mikusz3 - Strona stworzona w HUGO</description>
    <generator>Hugo</generator>
    <language>pl</language>
    <atom:link href="https://mikusz3.pl/projects/index.xml" rel="self" type="application/rss+xml" />
    <item>
      <title>RetroTVMalina</title>
      <link>https://mikusz3.pl/projects/retrotv/</link>
      <pubDate>Mon, 01 Jan 0001 00:00:00 +0000</pubDate>
      <guid>https://mikusz3.pl/projects/retrotv/</guid>
      <description>&lt;h1&gt;RetroTVMalina&lt;/h1&gt;&#xD;&#xA;&#xD;&#xA;&lt;p&gt;Do tego projektu zostały wykorzystane:&lt;/p&gt;&#xD;&#xA;&lt;li&gt;Raspberry Pi 4B 1GB&lt;/li&gt;&#xD;&#xA;&lt;li&gt;Pilot do PC&lt;/li&gt;&#xD;&#xA;&lt;li&gt;Komputer serwerowy z Jellyfin i ErsatzTV&lt;/li&gt;&#xD;&#xA;&#xD;&#xA;&lt;p&gt;Czy zastanawialiście się jak zrobić tak, żeby Jetix wrócił na anteny, ale bez konieczności błagania&#xD;&#xA;    o to Disneya? Zrobiłem to! RetroTVMalina to projekt, który pozwala mi na oglądanie starych&#xD;&#xA;    kanałów telewizyjnych, które kiedyś były dostępne w Polsce za dzieciaka.&lt;/p&gt;&#xD;&#xA;&lt;p&gt;Udało mi się, ale to wymagało dużo rozkminiania i ogarnięcia conieco z Jellyfinem i ErsatzTV.&lt;/p&gt;</description>
    </item>
  </channel>
</rss>
